{
  "case1_both": {
    "BER": [
      0.48757809090909093,
      0.41036781818181817,
      0.088935,
      6.818181818181818e-06,
      0.0,
      0.0
    ],
    "SER": [
      0.975327,
      0.821702,
      0.178019,
      1.5e-05,
      0.0,
      0.0
    ],
    "SER_tone": [
      0.973032,
      0.818709,
      0.177568,
      1.5e-05,
      0.0,
      0.0
    ],
    "SER_qpsk": [
      0.731922,
      0.617034,
      0.133449,
      9e-06,
      0.0,
      0.0
    ]
  },
  "case2_tone_only": {
    "BER": [
      0.487333,
      0.41007744444444444,
      0.08941022222222222,
      9.555555555555555e-06,
      0.0,
      0.0
    ],
    "SER_tone": [
      0.972674,
      0.818705,
      0.178583,
      2e-05,
      0.0,
      0.0
    ]
  },
  "case3_qpsk_only": {
    "BER": [
      0.4876475,
      0.410736,
      0.089403,
      8e-06,
      0.0,
      0.0
    ],
    "SER_qpsk": [
      0.73193,
      0.616681,
      0.134158,
      1.2e-05,
      0.0,
      0.0
    ]
  }
}