{
  "case1_both": {
    "BER": [
      0.4362174,
      0.3700379,
      0.1107112,
      0.011914,
      0.0017806,
      9.1e-06
    ],
    "SER": [
      0.977358,
      0.868608,
      0.397232,
      0.118953,
      0.017806,
      9.1e-05
    ],
    "SER_tone": [
      0.964239,
      0.806507,
      0.202833,
      5.9e-05,
      0.0,
      0.0
    ],
    "SER_qpsk": [
      0.736356,
      0.665808,
      0.346228,
      0.118936,
      0.017806,
      9.1e-05
    ]
  },
  "case2_tone_only": {
    "BER": [
      0.423403125,
      0.354465,
      0.08868325,
      2.275e-05,
      0.0,
      0.0
    ],
    "SER_tone": [
      0.964523,
      0.808005,
      0.202371,
      5.2e-05,
      0.0,
      0.0
    ]
  },
  "case3_qpsk_only": {
    "BER": [
      0.4865315,
      0.4316385,
      0.196943,
      0.059431,
      0.0089185,
      4.1e-05
    ],
    "SER_qpsk": [
      0.734134,
      0.663749,
      0.344934,
      0.118852,
      0.017837,
      8.2e-05
    ]
  }
}