{
  "case1_both": {
    "BER": [
      0.4899179090909091,
      0.43251890909090907,
      0.14533236363636365,
      0.010823454545454546,
      0.0016224545454545454,
      7.909090909090909e-06
    ],
    "SER": [
      0.985954,
      0.902298,
      0.439293,
      0.118424,
      0.017847,
      8.7e-05
    ],
    "SER_tone": [
      0.977859,
      0.857263,
      0.259889,
      0.000164,
      0.0,
      0.0
    ],
    "SER_qpsk": [
      0.741611,
      0.687029,
      0.374205,
      0.118389,
      0.017847,
      8.7e-05
    ]
  },
  "case2_tone_only": {
    "BER": [
      0.4895691111111111,
      0.4278834444444444,
      0.1282447777777778,
      7.044444444444444e-05,
      0.0,
      0.0
    ],
    "SER_tone": [
      0.977853,
      0.857008,
      0.258968,
      0.000163,
      0.0,
      0.0
    ]
  },
  "case3_qpsk_only": {
    "BER": [
      0.490734,
      0.4471845,
      0.216773,
      0.0588885,
      0.0089175,
      4.9e-05
    ],
    "SER_qpsk": [
      0.739274,
      0.684279,
      0.371435,
      0.117742,
      0.017835,
      9.8e-05
    ]
  }
}