{
  "case1_both": {
    "BER": [
      0.488048,
      0.4162496363636364,
      0.09986309090909092,
      3.127272727272727e-05,
      0.0,
      0.0
    ],
    "SER": [
      0.978321,
      0.841573,
      0.210494,
      0.000206,
      0.0,
      0.0
    ],
    "SER_tone": [
      0.974284,
      0.829321,
      0.197277,
      3.1e-05,
      0.0,
      0.0
    ],
    "SER_qpsk": [
      0.734986,
      0.634381,
      0.16151,
      0.000194,
      0.0,
      0.0
    ]
  },
  "case2_tone_only": {
    "BER": [
      0.4879374444444444,
      0.415171,
      0.09819177777777778,
      1.5666666666666667e-05,
      0.0,
      0.0
    ],
    "SER_tone": [
      0.974063,
      0.829697,
      0.196383,
      3.1e-05,
      0.0,
      0.0
    ]
  },
  "case3_qpsk_only": {
    "BER": [
      0.4876975,
      0.418967,
      0.104026,
      0.000105,
      0.0,
      0.0
    ],
    "SER_qpsk": [
      0.73323,
      0.632645,
      0.15982,
      0.000203,
      0.0,
      0.0
    ]
  }
}