{
  "epoch": 217,
  "test_accuracy": 0.9393780924413693,
  "macro_precision": 0.9380451201531415,
  "macro_recall": 0.9383282447547119,
  "macro_f1": 0.9381506262054936,
  "classification_report": {
    "Clap": {
      "precision": 0.9375577557755775,
      "recall": 0.9456724367509987,
      "f1-score": 0.9415976135233676,
      "support": 7510.0
    },
    "Draw-O": {
      "precision": 0.9316430524484216,
      "recall": 0.9411173885750157,
      "f1-score": 0.9363562550746362,
      "support": 7965.0
    },
    "Draw-Zigzag": {
      "precision": 0.9692875886869472,
      "recall": 0.9763093489965736,
      "f1-score": 0.972785797893094,
      "support": 10215.0
    },
    "Push&Pull": {
      "precision": 0.9370963575303539,
      "recall": 0.9373385012919897,
      "f1-score": 0.9372174137708307,
      "support": 7740.0
    },
    "Slide": {
      "precision": 0.9218073276366616,
      "recall": 0.8975381809892865,
      "f1-score": 0.9095108852572616,
      "support": 8774.0
    },
    "Sweep": {
      "precision": 0.930878638840888,
      "recall": 0.9319936119244078,
      "f1-score": 0.9314357917137727,
      "support": 7514.0
    },
    "accuracy": 0.9393780924413693,
    "macro avg": {
      "precision": 0.9380451201531415,
      "recall": 0.9383282447547119,
      "f1-score": 0.9381506262054936,
      "support": 49718.0
    },
    "weighted avg": {
      "precision": 0.9392685500077007,
      "recall": 0.9393780924413693,
      "f1-score": 0.9392856189605102,
      "support": 49718.0
    }
  }
}